inventory_id,film_id,language_id,name
1,1,1,English
2,1,1,English
3,1,1,English
4,1,1,English
5,1,1,English
6,1,1,English
7,1,1,English
8,1,1,English
9,2,1,English
10,2,1,English
11,2,1,English
12,3,1,English
13,3,1,English
14,3,1,English
15,3,1,English
16,4,1,English
17,4,1,English
18,4,1,English
19,4,1,English
20,4,1,English
21,4,1,English
22,4,1,English
23,5,1,English
24,5,1,English
25,5,1,English
26,6,1,English
27,6,1,English
28,6,1,English
29,6,1,English
30,6,1,English
31,6,1,English
32,7,1,English
33,7,1,English
34,7,1,English
35,7,1,English
36,7,1,English
37,8,1,English
38,8,1,English
39,8,1,English
40,8,1,English
41,9,1,English
42,9,1,English
43,9,1,English
44,9,1,English
45,9,1,English
46,10,1,English
47,10,1,English
48,10,1,English
49,10,1,English
50,10,1,English
51,10,1,English
52,10,1,English
53,11,1,English
54,11,1,English
55,11,1,English
56,11,1,English
57,11,1,English
58,11,1,English
59,11,1,English
60,12,1,English
61,12,1,English
62,12,1,English
63,12,1,English
64,12,1,English
65,12,1,English
66,12,1,English
67,13,1,English
68,13,1,English
69,13,1,English
70,13,1,English
71,15,1,English
72,15,1,English
73,15,1,English
74,15,1,English
75,15,1,English
76,15,1,English
77,16,1,English
78,16,1,English
79,16,1,English
80,16,1,English
81,17,1,English
82,17,1,English
83,17,1,English
84,17,1,English
85,17,1,English
86,17,1,English
87,18,1,English
88,18,1,English
89,18,1,English
90,18,1,English
91,18,1,English
92,18,1,English
93,19,1,English
94,19,1,English
95,19,1,English
96,19,1,English
97,19,1,English
98,19,1,English
99,20,1,English
100,20,1,English
101,20,1,English
102,21,1,English
103,21,1,English
104,21,1,English
105,21,1,English
106,21,1,English
107,21,1,English
108,22,1,English
109,22,1,English
110,22,1,English
111,22,1,English
112,22,1,English
113,22,1,English
114,22,1,English
115,23,1,English
116,23,1,English
117,23,1,English
118,23,1,English
119,23,1,English
120,24,1,English
121,24,1,English
122,24,1,English
123,24,1,English
124,25,1,English
125,25,1,English
126,25,1,English
127,25,1,English
128,25,1,English
129,25,1,English
130,26,1,English
131,26,1,English
132,26,1,English
133,26,1,English
134,26,1,English
135,27,1,English
136,27,1,English
137,27,1,English
138,27,1,English
139,28,1,English
140,28,1,English
141,28,1,English
142,29,1,English
143,29,1,English
144,30,1,English
145,30,1,English
146,31,1,English
147,31,1,English
148,31,1,English
149,31,1,English
150,31,1,English
151,31,1,English
152,31,1,English
153,31,1,English
154,32,1,English
155,32,1,English
156,34,1,English
157,34,1,English
158,34,1,English
159,34,1,English
160,35,1,English
161,35,1,English
162,35,1,English
163,35,1,English
164,35,1,English
165,35,1,English
166,35,1,English
167,37,1,English
168,37,1,English
169,37,1,English
170,37,1,English
171,37,1,English
172,37,1,English
173,37,1,English
174,39,1,English
175,39,1,English
176,39,1,English
177,39,1,English
178,39,1,English
179,39,1,English
180,39,1,English
181,40,1,English
182,40,1,English
183,40,1,English
184,40,1,English
185,42,1,English
186,42,1,English
187,42,1,English
188,42,1,English
189,43,1,English
190,43,1,English
191,43,1,English
192,43,1,English
193,43,1,English
194,43,1,English
195,43,1,English
196,44,1,English
197,44,1,English
198,44,1,English
199,44,1,English
200,44,1,English
201,45,1,English
202,45,1,English
203,45,1,English
204,45,1,English
205,45,1,English
206,45,1,English
207,46,1,English
208,46,1,English
209,46,1,English
210,47,1,English
211,47,1,English
212,48,1,English
213,48,1,English
214,48,1,English
215,48,1,English
216,49,1,English
217,49,1,English
218,49,1,English
219,49,1,English
220,49,1,English
221,49,1,English
222,50,1,English
223,50,1,English
224,50,1,English
225,50,1,English
226,50,1,English
227,51,1,English
228,51,1,English
229,51,1,English
230,51,1,English
231,51,1,English
232,51,1,English
233,52,1,English
234,52,1,English
235,53,1,English
236,53,1,English
237,54,1,English
238,54,1,English
239,54,1,English
240,54,1,English
241,54,1,English
242,55,1,English
243,55,1,English
244,55,1,English
245,55,1,English
246,55,1,English
247,55,1,English
248,56,1,English
249,56,1,English
250,56,1,English
251,56,1,English
252,56,1,English
253,57,1,English
254,57,1,English
255,57,1,English
256,57,1,English
257,57,1,English
258,57,1,English
259,57,1,English
260,58,1,English
261,58,1,English
262,58,1,English
263,58,1,English
264,59,1,English
265,59,1,English
266,59,1,English
267,59,1,English
268,59,1,English
269,60,1,English
270,60,1,English
271,60,1,English
272,61,1,English
273,61,1,English
274,61,1,English
275,61,1,English
276,61,1,English
277,61,1,English
278,62,1,English
279,62,1,English
280,63,1,English
281,63,1,English
282,63,1,English
283,63,1,English
284,64,1,English
285,64,1,English
286,64,1,English
287,65,1,English
288,65,1,English
289,65,1,English
290,65,1,English
291,66,1,English
292,66,1,English
293,66,1,English
294,67,1,English
295,67,1,English
296,67,1,English
297,67,1,English
298,67,1,English
299,67,1,English
300,68,1,English
301,68,1,English
302,68,1,English
303,68,1,English
304,69,1,English
305,69,1,English
306,69,1,English
307,69,1,English
308,69,1,English
309,69,1,English
310,69,1,English
311,69,1,English
312,70,1,English
313,70,1,English
314,70,1,English
315,70,1,English
316,71,1,English
317,71,1,English
318,71,1,English
319,71,1,English
320,72,1,English
321,72,1,English
322,72,1,English
323,72,1,English
324,72,1,English
325,72,1,English
326,73,1,English
327,73,1,English
328,73,1,English
329,73,1,English
330,73,1,English
331,73,1,English
332,73,1,English
333,73,1,English
334,74,1,English
335,74,1,English
336,74,1,English
337,74,1,English
338,74,1,English
339,75,1,English
340,75,1,English
341,75,1,English
342,76,1,English
343,76,1,English
344,76,1,English
345,77,1,English
346,77,1,English
347,77,1,English
348,77,1,English
349,77,1,English
350,77,1,English
351,78,1,English
352,78,1,English
353,78,1,English
354,78,1,English
355,78,1,English
356,78,1,English
357,78,1,English
358,79,1,English
359,79,1,English
360,79,1,English
361,79,1,English
362,79,1,English
363,79,1,English
364,80,1,English
365,80,1,English
366,80,1,English
367,80,1,English
368,81,1,English
369,81,1,English
370,81,1,English
371,81,1,English
372,82,1,English
373,82,1,English
374,83,1,English
375,83,1,English
376,83,1,English
377,83,1,English
378,83,1,English
379,84,1,English
380,84,1,English
381,84,1,English
382,84,1,English
383,85,1,English
384,85,1,English
385,85,1,English
386,85,1,English
387,86,1,English
388,86,1,English
389,86,1,English
390,86,1,English
391,86,1,English
392,86,1,English
393,86,1,English
394,86,1,English
395,88,1,English
396,88,1,English
397,88,1,English
398,88,1,English
399,89,1,English
400,89,1,English
401,89,1,English
402,89,1,English
403,89,1,English
404,89,1,English
405,90,1,English
406,90,1,English
407,90,1,English
408,90,1,English
409,90,1,English
410,90,1,English
411,91,1,English
412,91,1,English
413,91,1,English
414,91,1,English
415,91,1,English
416,91,1,English
417,91,1,English
418,91,1,English
419,92,1,English
420,92,1,English
421,92,1,English
422,92,1,English
423,93,1,English
424,93,1,English
425,93,1,English
426,94,1,English
427,94,1,English
428,95,1,English
429,95,1,English
430,95,1,English
431,95,1,English
432,95,1,English
433,96,1,English
434,96,1,English
435,96,1,English
436,97,1,English
437,97,1,English
438,97,1,English
439,97,1,English
440,97,1,English
441,97,1,English
442,98,1,English
443,98,1,English
444,98,1,English
445,99,1,English
446,99,1,English
447,99,1,English
448,99,1,English
449,99,1,English
450,99,1,English
451,100,1,English
452,100,1,English
453,100,1,English
454,100,1,English
455,100,1,English
456,100,1,English
457,101,1,English
458,101,1,English
459,101,1,English
460,101,1,English
461,101,1,English
462,101,1,English
463,102,1,English
464,102,1,English
465,103,1,English
466,103,1,English
467,103,1,English
468,103,1,English
469,103,1,English
470,103,1,English
471,103,1,English
472,103,1,English
473,104,1,English
474,104,1,English
475,104,1,English
476,105,1,English
477,105,1,English
478,105,1,English
479,105,1,English
480,105,1,English
481,106,1,English
482,106,1,English
483,107,1,English
484,107,1,English
485,109,1,English
486,109,1,English
487,109,1,English
488,109,1,English
489,109,1,English
490,109,1,English
491,109,1,English
492,109,1,English
493,110,1,English
494,110,1,English
495,110,1,English
496,110,1,English
497,111,1,English
498,111,1,English
499,111,1,English
500,111,1,English
501,112,1,English
502,112,1,English
503,112,1,English
504,112,1,English
505,112,1,English
506,112,1,English
507,112,1,English
508,113,1,English
509,113,1,English
510,113,1,English
511,113,1,English
512,114,1,English
513,114,1,English
514,114,1,English
515,114,1,English
516,114,1,English
517,114,1,English
518,114,1,English
519,115,1,English
520,115,1,English
521,115,1,English
522,115,1,English
523,115,1,English
524,115,1,English
525,115,1,English
526,116,1,English
527,116,1,English
528,116,1,English
529,116,1,English
530,116,1,English
531,116,1,English
532,117,1,English
533,117,1,English
534,117,1,English
535,117,1,English
536,117,1,English
537,117,1,English
538,118,1,English
539,118,1,English
540,118,1,English
541,118,1,English
542,118,1,English
543,118,1,English
544,119,1,English
545,119,1,English
546,119,1,English
547,119,1,English
548,119,1,English
549,119,1,English
550,119,1,English
551,120,1,English
552,120,1,English
553,120,1,English
554,121,1,English
555,121,1,English
556,121,1,English
557,121,1,English
558,121,1,English
559,121,1,English
560,122,1,English
561,122,1,English
562,122,1,English
563,122,1,English
564,122,1,English
565,122,1,English
566,122,1,English
567,123,1,English
568,123,1,English
569,123,1,English
570,123,1,English
571,123,1,English
572,124,1,English
573,124,1,English
574,124,1,English
575,125,1,English
576,125,1,English
577,126,1,English
578,126,1,English
579,126,1,English
580,127,1,English
581,127,1,English
582,127,1,English
583,127,1,English
584,127,1,English
585,127,1,English
586,127,1,English
587,127,1,English
588,129,1,English
589,129,1,English
590,129,1,English
591,129,1,English
592,129,1,English
593,129,1,English
594,130,1,English
595,130,1,English
596,130,1,English
597,130,1,English
598,130,1,English
599,130,1,English
600,131,1,English
601,131,1,English
602,131,1,English
603,131,1,English
604,131,1,English
605,131,1,English
606,132,1,English
607,132,1,English
608,132,1,English
609,132,1,English
610,132,1,English
611,132,1,English
612,133,1,English
613,133,1,English
614,133,1,English
615,133,1,English
616,134,1,English
617,134,1,English
618,134,1,English
619,135,1,English
620,135,1,English
621,135,1,English
622,135,1,English
623,135,1,English
624,135,1,English
625,135,1,English
626,136,1,English
627,136,1,English
628,136,1,English
629,137,1,English
630,137,1,English
631,137,1,English
632,137,1,English
633,138,1,English
634,138,1,English
635,138,1,English
636,138,1,English
637,138,1,English
638,139,1,English
639,139,1,English
640,139,1,English
641,139,1,English
642,139,1,English
643,139,1,English
644,140,1,English
645,140,1,English
646,140,1,English
647,140,1,English
648,140,1,English
649,141,1,English
650,141,1,English
651,141,1,English
652,141,1,English
653,141,1,English
654,142,1,English
655,142,1,English
656,142,1,English
657,142,1,English
658,142,1,English
659,143,1,English
660,143,1,English
661,143,1,English
662,143,1,English
663,143,1,English
664,143,1,English
665,143,1,English
666,145,1,English
667,145,1,English
668,145,1,English
669,146,1,English
670,146,1,English
671,146,1,English
672,147,1,English
673,147,1,English
674,147,1,English
675,147,1,English
676,147,1,English
677,147,1,English
678,149,1,English
679,149,1,English
680,149,1,English
681,149,1,English
682,149,1,English
683,149,1,English
684,150,1,English
685,150,1,English
686,150,1,English
687,150,1,English
688,150,1,English
689,150,1,English
690,151,1,English
691,151,1,English
692,151,1,English
693,151,1,English
694,152,1,English
695,152,1,English
696,152,1,English
697,152,1,English
698,153,1,English
699,153,1,English
700,153,1,English
701,153,1,English
702,154,1,English
703,154,1,English
704,154,1,English
705,154,1,English
706,154,1,English
707,154,1,English
708,154,1,English
709,155,1,English
710,155,1,English
711,155,1,English
712,155,1,English
713,155,1,English
714,156,1,English
715,156,1,English
716,157,1,English
717,157,1,English
718,157,1,English
719,158,1,English
720,158,1,English
721,158,1,English
722,158,1,English
723,158,1,English
724,159,1,English
725,159,1,English
726,159,1,English
727,159,1,English
728,159,1,English
729,159,1,English
730,159,1,English
731,160,1,English
732,160,1,English
733,160,1,English
734,160,1,English
735,160,1,English
736,161,1,English
737,161,1,English
738,162,1,English
739,162,1,English
740,162,1,English
741,162,1,English
742,162,1,English
743,162,1,English
744,162,1,English
745,163,1,English
746,163,1,English
747,163,1,English
748,164,1,English
749,164,1,English
750,164,1,English
751,164,1,English
752,164,1,English
753,165,1,English
754,165,1,English
755,165,1,English
756,165,1,English
757,165,1,English
758,166,1,English
759,166,1,English
760,166,1,English
761,166,1,English
762,166,1,English
763,166,1,English
764,167,1,English
765,167,1,English
766,167,1,English
767,167,1,English
768,167,1,English
769,167,1,English
770,167,1,English
771,168,1,English
772,168,1,English
773,169,1,English
774,169,1,English
775,169,1,English
776,169,1,English
777,170,1,English
778,170,1,English
779,170,1,English
780,170,1,English
781,170,1,English
782,170,1,English
783,172,1,English
784,172,1,English
785,172,1,English
786,172,1,English
787,172,1,English
788,172,1,English
789,172,1,English
790,173,1,English
791,173,1,English
792,173,1,English
793,173,1,English
794,173,1,English
795,174,1,English
796,174,1,English
797,174,1,English
798,174,1,English
799,174,1,English
800,174,1,English
801,174,1,English
802,174,1,English
803,175,1,English
804,175,1,English
805,175,1,English
806,175,1,English
807,175,1,English
808,176,1,English
809,176,1,English
810,176,1,English
811,176,1,English
812,176,1,English
813,176,1,English
814,177,1,English
815,177,1,English
816,177,1,English
817,178,1,English
818,178,1,English
819,179,1,English
820,179,1,English
821,179,1,English
822,179,1,English
823,180,1,English
824,180,1,English
825,181,1,English
826,181,1,English
827,181,1,English
828,181,1,English
829,181,1,English
830,181,1,English
831,181,1,English
832,182,1,English
833,182,1,English
834,183,1,English
835,183,1,English
836,183,1,English
837,183,1,English
838,183,1,English
839,183,1,English
840,184,1,English
841,184,1,English
842,184,1,English
843,184,1,English
844,184,1,English
845,185,1,English
846,185,1,English
847,186,1,English
848,186,1,English
849,186,1,English
850,186,1,English
851,187,1,English
852,187,1,English
853,187,1,English
854,188,1,English
855,188,1,English
856,188,1,English
857,189,1,English
858,189,1,English
859,189,1,English
860,189,1,English
861,189,1,English
862,189,1,English
863,190,1,English
864,190,1,English
865,190,1,English
866,190,1,English
867,191,1,English
868,191,1,English
869,191,1,English
870,191,1,English
871,191,1,English
872,191,1,English
873,193,1,English
874,193,1,English
875,193,1,English
876,193,1,English
877,193,1,English
878,193,1,English
879,193,1,English
880,193,1,English
881,194,1,English
882,194,1,English
883,194,1,English
884,194,1,English
885,196,1,English
886,196,1,English
887,197,1,English
888,197,1,English
889,199,1,English
890,199,1,English
891,199,1,English
892,199,1,English
893,199,1,English
894,199,1,English
895,199,1,English
896,199,1,English
897,200,1,English
898,200,1,English
899,200,1,English
900,200,1,English
901,200,1,English
902,200,1,English
903,200,1,English
904,200,1,English
905,201,1,English
906,201,1,English
907,201,1,English
908,201,1,English
909,202,1,English
910,202,1,English
911,202,1,English
912,203,1,English
913,203,1,English
914,203,1,English
915,203,1,English
916,204,1,English
917,204,1,English
918,204,1,English
919,204,1,English
920,204,1,English
921,204,1,English
922,205,1,English
923,205,1,English
924,205,1,English
925,205,1,English
926,206,1,English
927,206,1,English
928,206,1,English
929,206,1,English
930,206,1,English
931,206,1,English
932,206,1,English
933,206,1,English
934,207,1,English
935,207,1,English
936,207,1,English
937,207,1,English
938,208,1,English
939,208,1,English
940,208,1,English
941,209,1,English
942,209,1,English
943,209,1,English
944,209,1,English
945,210,1,English
946,210,1,English
947,210,1,English
948,211,1,English
949,211,1,English
950,212,1,English
951,212,1,English
952,212,1,English
953,212,1,English
954,212,1,English
955,213,1,English
956,213,1,English
957,213,1,English
958,213,1,English
959,214,1,English
960,214,1,English
961,214,1,English
962,214,1,English
963,215,1,English
964,215,1,English
965,215,1,English
966,215,1,English
967,215,1,English
968,215,1,English
969,216,1,English
970,216,1,English
971,216,1,English
972,216,1,English
973,216,1,English
974,218,1,English
975,218,1,English
976,218,1,English
977,218,1,English
978,218,1,English
979,218,1,English
980,218,1,English
981,219,1,English
982,219,1,English
983,219,1,English
984,219,1,English
985,220,1,English
986,220,1,English
987,220,1,English
988,220,1,English
989,220,1,English
990,220,1,English
991,220,1,English
992,220,1,English
993,222,1,English
994,222,1,English
995,222,1,English
996,222,1,English
997,222,1,English
998,222,1,English
999,223,1,English
1000,223,1,English
